"SampleID","DNAmAge","Comment","noMissingPerSample","meanMethBySample","minMethBySample","maxMethBySample","corSampleVSgoldstandard","meanAbsDifferenceSampleVSgoldstandard","predictedGender","meanXchromosome","predictedTissue","ProbabilityFrom.X.Vasc.Endoth.Umbilical.","ProbabilityFrom.Ape.WB","ProbabilityFrom.Blood.CD4.Tcells","ProbabilityFrom.Blood.CD4.CD14","ProbabilityFrom.Blood.Cell.Types","ProbabilityFrom.Blood.Cord","ProbabilityFrom.Blood.PBMC","ProbabilityFrom.Blood.WB","ProbabilityFrom.Bone","ProbabilityFrom.Brain.Cerebellar","ProbabilityFrom.Brain.CRBLM","ProbabilityFrom.Brain.FCTX","ProbabilityFrom.Brain.Occipital.Cortex","ProbabilityFrom.Brain.PONS","ProbabilityFrom.Brain.Prefr.CTX","ProbabilityFrom.Brain.TCTX","ProbabilityFrom.Breast","ProbabilityFrom.Breast.NL","ProbabilityFrom.Buccal","ProbabilityFrom.Cartilage.Knee","ProbabilityFrom.Colon","ProbabilityFrom.Dermal.fibroblast","ProbabilityFrom.Epidermis","ProbabilityFrom.Fat.Adip","ProbabilityFrom.Gastric","ProbabilityFrom.GlialCell","ProbabilityFrom.Head.Neck","ProbabilityFrom.Heart","ProbabilityFrom.Kidney","ProbabilityFrom.Liver","ProbabilityFrom.Liver.","ProbabilityFrom.Lung","ProbabilityFrom.MSC","ProbabilityFrom.Muscle","ProbabilityFrom.Neuron","ProbabilityFrom.Placenta","ProbabilityFrom.Prostate.NL","ProbabilityFrom.Saliva","ProbabilityFrom.Sperm","ProbabilityFrom.Stomach","ProbabilityFrom.Thyroid","ProbabilityFrom.Uterine.Cervix","ProbabilityFrom.Uterine.Endomet","AgeAccelerationDiff","AgeAccelerationResidual","Sample_Name","Age","Female","Tissue","CD8T","CD4T","NK","Bcell","Mono","Gran","propNeuron","DNAmAgeHannum","BioAge4HAStatic","PlasmaBlast","CD8pCD28nCD45RAn","CD8.naive","CD4.naive","DNAmPhenoAge","DNAmAgeSkinBloodClock","DNAmADM","DNAmB2M","DNAmCystatinC","DNAmGDF15","DNAmLeptin","DNAmPACKYRS","DNAmPAI1","DNAmTIMP1","DNAmGrimAge","DNAmTL","propNeuronAdjAge","DNAmAgeHannumAdjAge","BioAge4HAStaticAdjAge","PlasmaBlastAdjAge","CD8pCD28nCD45RAnAdjAge","CD8.naiveAdjAge","CD4.naiveAdjAge","DNAmPhenoAgeAdjAge","DNAmAgeSkinBloodClockAdjAge","DNAmADMAdjAge","DNAmB2MAdjAge","DNAmCystatinCAdjAge","DNAmGDF15AdjAge","DNAmLeptinAdjAge","DNAmPACKYRSAdjAge","DNAmPAI1AdjAge","DNAmTIMP1AdjAge","DNAmGrimAgeAdjAge","DNAmTLAdjAge","IEAA","EEAA","IEAA.Hannum","AgeAccelerationResidualHannum","AgeAccelGrim","AgeAccelPheno"
"Sample.1",32.5557670220816," WARNING: Predicted tissue does not match the column Tissue",0,0.286878909563027,0,1,0.905338856245258,0.0873312396059627,"male",0.335985535302961,"Uterine Endomet",0.008,0.008,0.002,0.008,0.014,0.004,0.012,0.002,0.008,0.012,0.006,0.016,0.016,0.034,0.028,0.024,0.1,0.016,0.012,0.002,0.05,0.002,0.002,0.002,0.006,0.086,0.104,0.02,0.062,0.02,0.004,0.036,0.008,0.004,0.022,0.002,0.034,0.002,0.004,0.014,0.048,0,0.136,-28.4442329779184,4.63285940680371,"Sample 1",61,0,"pigmented layer of retina",0.119193645030048,0.28007040718163,0.122393445433888,0.286741390622197,0.190900266638184,0.219813254800446,0.421208635328908,30.1274168215307,18.1777811068062,0.94076418522731,1.37946745709686,380.600434484875,363.932373189938,1.55298288806461,10.4396137699617,310.724123862079,1549973.77839442,664785.929631068,443.821965697181,15130.8839055608,9.589122239224,15733.830663456,35084.298792478,58.8573135115266,6.97402212509545,-0.0105755852169958,4.05264966296998,5.95480623134172,-0.0313449809510405,5.13724912586217,-5.25226993582551,-35.9026383684507,14.369093147853,0.460813082348923,4.79326248767986,-1969.53167244524,4900.30351966873,22.5105100037119,-451.556170491151,-2.98013980289504,1562.48502139793,-287.309858856316,-0.0135139919116436,-0.0159723009926929,2.70944021706976,5.95480623134172,5.80262043079774,4.05264966296998,-0.0135139919116436,14.369093147853
"Sample.10",26.8115877993559," WARNING: Predicted tissue does not match the column Tissue",0,0.293807444046597,0,1,0.897220193720021,0.0907094111350711,"male",0.344029943657982,"GlialCell",0.008,0.006,0.004,0.002,0.008,0.002,0.012,0.004,0.002,0.008,0.008,0.03,0.038,0.054,0.042,0.024,0.062,0.008,0.006,0.01,0.028,0.006,0.002,0.002,0.01,0.14,0.062,0.016,0.064,0.02,0.012,0.026,0.006,0.014,0.05,0.006,0.03,0.004,0.01,0.012,0.038,0,0.104,-47.1884122006441,-6.57117906149805,"Sample 10",74,0,"pigmented layer of retina",0.111046677856965,0.272837705816627,0.140928204385135,0.29115289974206,0.174523535543473,0.255594422782388,0.418410042621523,29.2670769610948,15.8528784370019,0.941933992258392,-4.33991702256931,358.626290382092,393.966632730721,-17.2245916275483,11.3932224532459,301.817804652057,1734407.00423438,709342.174805741,617.391535795368,14889.0070606882,31.9026826289114,10393.5910091013,37187.0887908403,71.0749390257909,6.98305570975252,-0.00660136253596941,-1.86146849343858,-2.04173564235673,-0.0409084922485078,-0.476322926615735,-14.1547756727789,29.2189272359205,-8.12539132538477,-3.98693853967867,-23.8270145912323,35939.1370370179,9915.26686916151,51.3141501026316,-2511.54930593058,15.7917750354682,-3810.35501282036,66.1272203881188,3.17380882441479,0.0295582799432241,-7.80161985055432,-2.04173564235673,-1.82833152315909,-1.86146849343858,3.17380882441479,-8.12539132538477
"Sample.11",38.8976753801057," WARNING: Predicted tissue does not match the column Tissue",0,0.290719120887039,0,1,0.913972841663094,0.0846922828882234,"male",0.34117293821784,"Uterine Endomet",0.002,0.014,0,0.004,0.012,0.002,0.02,0.006,0.004,0.004,0.014,0.028,0.008,0.052,0.034,0.018,0.098,0.01,0.01,0.01,0.052,0.008,0.002,0.006,0.01,0.086,0.078,0.01,0.048,0.014,0.004,0.038,0.006,0.014,0.03,0.006,0.036,0.002,0.002,0.012,0.044,0,0.142,-31.1023246198943,7.19486521019823,"Sample 11",70,0,"pigmented layer of retina",0.12630405673875,0.252580808311786,0.140008345541099,0.263147261822586,0.213059701461486,0.220513321811428,0.420771206836457,32.9693868044015,21.1519734286924,0.913642808191279,-1.14514814733486,333.669717284304,370.48713536639,-0.6644311827446,15.3473400156292,342.23949439988,1827908.45337338,694991.785153131,680.253918574497,15837.5087750063,16.0664364316549,18360.0266918638,36343.6191398475,69.4775143695582,6.7964822377473,-0.00632414151746973,3.39585005632128,5.00247910437811,-0.0658971168299127,2.68588827871463,-43.1333913446687,-5.05666430182232,9.57843372176507,1.6291360397236,22.6605083470184,174525.065293088,7731.42547045335,158.719895958459,-1003.62719451501,1.04526593092681,4166.11155605404,-239.079993953047,4.35493884447069,-0.168245037070868,2.24246713591042,5.00247910437811,-0.451622114226633,3.39585005632128,4.35493884447069,9.57843372176507
"Sample.12",36.6482632429714," WARNING: Predicted tissue does not match the column Tissue",0,0.29756017060365,0,1,0.90796124525177,0.0902353896257078,"male",0.348469942640197,"Uterine Endomet",0.004,0.014,0.004,0.002,0.016,0.006,0.008,0.01,0.004,0.014,0.01,0.022,0.014,0.036,0.026,0.014,0.098,0.01,0.018,0.01,0.028,0,0.004,0.004,0.008,0.096,0.078,0.016,0.046,0.02,0.014,0.058,0.006,0.02,0.028,0.004,0.038,0.002,0.004,0.018,0.052,0,0.116,-39.3517367570286,2.42551803664429,"Sample 12",76,0,"pigmented layer of retina",0.114998184706013,0.240791557788816,0.167978134642377,0.260602300630256,0.177696041148724,0.26444791173853,0.402360868487854,38.9856671036859,28.4371076262677,1.20531643725419,-0.980803528615668,333.689832498192,317.715971326898,6.467536640636,26.9870191631571,321.929239237951,1912261.29551453,716615.500881252,674.993392967211,11428.2535146087,18.0471640934596,14364.0418828461,38026.2403244091,72.512384193973,6.5281450805419,-0.0216085650714219,7.07961729592599,9.66993366938694,0.220822673004438,2.89906940228995,-37.0802122696286,-41.6336870811966,14.9949046416265,10.7758796617231,-6.74849660055243,191251.188758634,11105.3188177211,86.6443257361258,-6252.01305055874,1.39138795365882,155.080417868478,636.147535631039,3.22197665445263,-0.419737426762957,-0.354220826364406,9.66993366938694,0.136573206246829,7.07961729592599,3.22197665445263,14.9949046416265
"Sample.13",50.1402465058518," WARNING: Predicted tissue does not match the column Tissue",0,0.301862098777935,0,1,0.904576121458006,0.0920642675412045,"male",0.351234367953201,"Uterine Endomet",0.01,0.01,0.002,0.002,0.006,0.004,0.01,0.004,0.004,0.008,0.008,0.034,0.032,0.02,0.024,0.024,0.098,0.006,0.01,0.008,0.042,0.008,0.002,0.012,0.008,0.094,0.074,0.018,0.064,0.016,0.016,0.024,0,0.006,0.042,0.004,0.044,0.002,0.004,0.016,0.064,0,0.116,-28.8597534941482,14.6575337813148,"Sample 13",79,0,"pigmented layer of retina",0.0958827740386143,0.279079487101205,0.178988659963469,0.276887225363423,0.176883622775016,0.222297433688853,0.413651456953044,40.3405043736667,32.4251263367757,1.05724557114277,7.11189509489066,306.234209415146,405.749973738057,5.98009477746931,23.7423434679038,311.614982678094,1768321.03291304,698917.799341316,552.241666124639,16564.7589871595,22.0555999719786,15566.040044538,37615.7972826538,71.6294870397855,6.61021656221175,-0.00875501920890579,7.26819803606697,12.3491125636117,0.0702748872787413,11.0161862782243,-61.5193034220986,54.4973859600211,13.6497143267003,6.28473620370548,-21.6121280532297,13497.5668193357,-15717.2939126409,-69.5149234139684,-1535.07287583103,4.58252101264145,1349.55541497648,-177.992333612923,0.255163493048691,-0.32924356133645,9.74664955630903,12.3491125636117,1.50928572055916,7.26819803606697,0.255163493048691,13.6497143267003
"Sample.14",33.8434936150561," WARNING: Predicted tissue does not match the column Tissue",0,0.308035361252071,0,1,0.889828094175787,0.0996172230776168,"female",0.504648449241632,"GlialCell",0.01,0.006,0.004,0.004,0.006,0.004,0.018,0.002,0.004,0.01,0.008,0.03,0.038,0.048,0.042,0.016,0.064,0.002,0.018,0.016,0.02,0.004,0,0.002,0.004,0.13,0.054,0.014,0.044,0.032,0.012,0.034,0.004,0.002,0.094,0.01,0.036,0.002,0.012,0.006,0.05,0,0.084,-55.1565063849439,-5.83911083684706,"Sample 14",89,1,"pigmented layer of retina",0.07502245635045,0.296284000086446,0.16599126077432,0.305261110194821,0.181263120318876,0.252891754587018,0.422749098448697,31.4427762030859,13.6955062008571,0.778632978002805,-16.461434258005,386.219374311985,359.276348541603,-16.1726179268848,14.6970329559231,353.963940324752,1974636.07382591,760949.510411078,755.624283350936,21097.7727107827,16.9564552449244,10401.9195067208,39601.60698635,77.9134453546726,7.12770701012243,0.00555248027783278,-5.51705190064663,-10.7433069599178,-0.216594104575497,-12.4757488999111,28.5209679099939,35.0139961970972,-11.362159883519,-6.91546685082264,5.57224661735823,107101.409939512,15898.0465223659,22.5092861205847,1599.38985504842,-3.24096644620057,-3839.64233812036,462.161278454133,-0.40726488278569,0.216321499096407,-0.868169971609006,-10.7433069599178,-0.250174661928001,-5.51705190064663,-0.40726488278569,-11.362159883519
"Sample.15",32.101743111934," WARNING: Predicted tissue does not match the column Tissue",0,0.285638352864716,0,1,0.902302244300177,0.0882121516546143,"male",0.338319768333561,"Uterine Endomet",0.004,0.008,0.004,0.008,0.014,0.004,0.008,0.006,0.004,0.008,0.014,0.014,0.018,0.028,0.02,0.01,0.126,0.012,0.008,0.014,0.028,0.01,0.002,0.002,0.006,0.098,0.082,0.02,0.03,0.01,0.014,0.046,0.008,0.008,0.02,0.004,0.052,0,0,0.006,0.038,0,0.184,-33.898256888066,2.07888963297296,"Sample 15",66,0,"pigmented layer of retina",0.0814508535034649,0.281758546813931,0.127311088307931,0.277033657260871,0.210742739073687,0.234528369002315,0.403610456053563,27.476639925686,16.1396834113222,0.979346599980326,4.24535739396427,389.129492110841,382.410487830007,-1.72520071074655,17.4500716209861,319.166046406732,1624559.98149488,687170.480828635,617.436520486652,8086.52656924288,18.4338105354253,20661.0782765091,35731.503121995,66.599588332586,6.75509560573766,-0.0255688354967981,-0.541888115941127,1.73530884205227,0.00310923444484093,8.04383615010967,8.304340907767,-3.92940601161743,9.6613287961092,5.39382466209953,5.65289354429924,16261.0725316668,12076.669399859,140.445860947311,-8195.18900318093,4.50237712741237,6477.19402681117,-312.933575153876,4.25556748378709,-0.220861514089371,2.18504455993406,1.73530884205227,0.278080457738972,-0.541888115941127,4.25556748378709,9.6613287961092
"Sample.16",33.4684181043231," WARNING: Predicted tissue does not match the column Tissue",0,0.298654791916657,0,1,0.910447068770541,0.0887264707429632,"male",0.345554587139297,"Uterine Endomet",0.004,0.006,0.002,0.006,0.018,0.008,0.014,0.01,0.004,0.01,0.01,0.024,0.02,0.04,0.03,0.02,0.088,0.006,0.014,0.004,0.036,0.004,0,0.002,0.008,0.118,0.074,0.018,0.052,0.014,0.01,0.03,0.002,0.01,0.026,0.006,0.042,0.002,0.006,0.016,0.058,0,0.128,-36.5315818956769,1.7656079344156,"Sample 16",70,0,"pigmented layer of retina",0.0890164607380457,0.288753652341834,0.138411868189727,0.28310365180803,0.2144249925888,0.215340692210797,0.406507832511057,34.4757269833725,24.4386703612944,1.05826662252991,2.34050782283754,318.253951100681,297.097261510244,-2.52960970641131,18.8817101904684,321.78083155514,1736245.12358141,679232.870301357,586.978788042781,16646.301931912,11.4197150460661,16924.8969213371,36173.4541453422,65.3157936929632,6.72462460395189,-0.0205875158428698,4.9021902352923,8.28917603698016,0.0787266975087167,6.17154424888703,-58.5491575282911,-78.4465381579683,7.71325519809835,5.16350621456284,2.20184550227853,82861.7355011219,-8027.48938132087,65.4447654267429,-194.834037609285,-3.60145545466204,2730.98178552734,-409.24498845831,0.193218167875763,-0.24010267086627,2.02922565976998,8.28917603698016,2.83498829721971,4.9021902352923,0.193218167875763,7.71325519809835
"Sample.17",45.4098461041078," WARNING: Predicted tissue does not match the column Tissue",0,0.316924517262113,0,1,0.912041774108757,0.0961990201248034,"female",0.515222113308657,"Uterine Endomet",0.01,0.016,0.004,0.004,0.014,0.004,0.022,0.008,0.008,0.006,0.016,0.026,0.018,0.032,0.03,0.024,0.078,0.014,0.012,0.01,0.042,0.002,0.002,0.004,0.018,0.09,0.078,0.014,0.038,0.036,0.014,0.048,0.002,0.008,0.036,0.002,0.024,0.002,0.002,0.034,0.056,0.002,0.09,-37.5901538958922,8.24717668862431,"Sample 17",83,1,"pigmented layer of retina",0.130987130719393,0.298364473618537,0.180727455602962,0.264325638414035,0.152299749670408,0.210009415803737,0.427949769446861,43.6806041904566,34.9563180114813,0.984911022211994,0.519110130941815,235.841724379953,135.313826505547,5.9867895237314,30.8116239990684,363.12763417063,1892348.23216709,707449.486060096,632.242884170689,21079.2830128982,22.7859589910789,10011.5723143557,38513.2468987549,74.8730396900072,6.79851667552074,0.00762723648134582,9.05328914640375,13.1351844832729,-0.00536222113774701,4.45595898417957,-127.88974588319,-205.142667099077,12.5127444706163,11.6920597178511,23.8346902488781,92440.2869563064,-19352.1554477633,-34.0570684446165,2420.03075281021,4.22314293902657,-4214.94320131769,181.194845836514,0.720161466981834,-0.129713603018594,2.7775941733935,13.1351844832729,3.699065170126,9.05328914640375,0.720161466981834,12.5127444706163
"Sample.18",46.1973588387931," WARNING: Predicted tissue does not match the column Tissue",0,0.2964092811239,0,1,0.919230072238226,0.0856901414381908,"male",0.34659468137587,"Uterine Endomet",0.01,0.008,0.004,0.008,0.024,0.008,0.016,0.004,0,0.004,0.016,0.034,0.014,0.032,0.014,0.016,0.078,0.004,0.014,0.012,0.044,0.004,0,0.006,0,0.09,0.102,0.014,0.046,0.026,0.012,0.042,0.002,0.024,0.026,0.002,0.036,0.004,0.004,0.016,0.066,0.002,0.112,-29.8026411612069,11.9746136324659,"Sample 18",76,0,"pigmented layer of retina",0.110459213146092,0.209394673220173,0.145929957097354,0.236044271643066,0.197237616861889,0.311557063523565,0.418205494915164,46.4437767464319,38.4762922930325,1.06255164676065,4.97464215767861,301.312984149739,277.963400978072,9.12401331953113,29.4117296583041,337.137680311394,1797427.73755627,696471.689847528,747.610243738131,14500.8832546072,22.9940904016494,18078.3053198714,37778.9746902268,74.2589436195634,6.64719887302441,-0.00576393864411189,14.537726938672,19.7091183361517,0.0780578825108933,8.85451508858422,-69.4570606180813,-81.386257430022,17.6513813205217,13.20059015687,8.45994447289074,76417.6308003671,-9038.49221600224,159.261176507046,-3179.38331056029,6.33831426184859,3869.34385489375,388.881901448759,4.96853608004305,-0.300683634280446,2.74980247104843,19.7091183361517,1.70821198349068,14.537726938672,4.96853608004305,17.6513813205217
"Sample.19",40.3258621265096," WARNING: Predicted tissue does not match the column Tissue",0,0.299522486747575,0,1,0.912102178507959,0.0893478194657014,"female",0.523715230345967,"GlialCell",0.008,0.014,0.002,0.006,0.008,0.006,0.018,0.002,0.002,0.004,0.002,0.028,0.03,0.046,0.032,0.018,0.076,0.008,0.01,0.018,0.038,0.006,0.002,0.004,0.002,0.102,0.098,0.01,0.064,0.026,0.01,0.028,0.004,0.006,0.05,0,0.04,0.002,0.006,0.01,0.056,0,0.098,-31.6741378734904,7.78307361112892,"Sample 19",72,1,"pigmented layer of retina",0.114190146817215,0.239969671200972,0.118292041042417,0.275457297715056,0.16169577320342,0.310709574370156,0.416983480430441,35.9964228634797,25.6340862258711,1.09530898637765,2.06899690018876,347.875871437096,321.890208215865,5.70414731259976,17.3069292327966,348.054238089825,1661831.05896957,704641.475842009,618.18939833258,20976.7234742682,12.0989559200637,19643.0532784991,36645.5857059757,67.2421785986071,6.84517658343448,-0.00906989632526912,5.64538176217294,8.61203202403465,0.114117781613606,5.91631216119029,-26.9162159048257,-48.2555443656412,15.3751799159364,2.75774674838156,25.44233544175,-14094.5686692553,11297.8420323803,74.3836941781931,3855.8773061982,-3.46708312702195,5444.12269963337,-206.244646150628,0.730325735375341,-0.113935768879245,3.00676271242585,8.61203202403465,0.847081956869571,5.64538176217294,0.730325735375341,15.3751799159364
"Sample.2",34.0369305083728," WARNING: Predicted tissue does not match the column Tissue",0,0.290032646397481,0,1,0.906068550476853,0.087174981378642,"female",0.482396489058083,"Uterine Endomet",0.002,0.002,0.008,0.006,0.008,0.004,0.014,0.006,0,0.008,0.008,0.018,0.018,0.032,0.014,0.012,0.116,0.008,0.016,0.022,0.042,0.002,0,0.012,0.008,0.092,0.072,0.016,0.05,0.02,0.006,0.044,0.01,0.008,0.022,0.006,0.044,0.002,0.002,0.02,0.054,0,0.146,-44.9630694916272,-1.4457822161642,"Sample 2",79,1,"pigmented layer of retina",0.0821147264617908,0.28666189676382,0.133497272991834,0.28769462791192,0.222501594420622,0.216330046087866,0.399140826049796,31.2440479829328,20.3817130215404,1.03518903476975,1.92581141930587,342.285305717593,366.858931897087,2.74232187283486,20.209342243613,365.942226432024,1780716.83088465,738959.648086938,638.151001177125,13596.9192627109,6.98592317337832,14966.8476297785,37840.5174938361,71.2734467910502,6.8714944979183,-0.0232656501121542,-1.82825835466693,0.305699248376336,0.0482183509057215,5.83010260263954,-25.468207119651,15.6063441190515,10.4119414220658,2.75173497941472,32.7151157007005,25893.3647909477,24324.5548329807,16.394411638517,-4502.91260027965,-10.4871557859589,750.363000217024,46.7278775693173,-0.100876755686578,-0.0679656256299002,-0.240385093255182,0.305699248376336,-2.26787166717141,-1.82825835466693,-0.100876755686578,10.4119414220658
"Sample.20",30.9031223157896," WARNING: Predicted tissue does not match the column Tissue",0,0.300206291336395,0,1,0.90277866016914,0.0923543340346841,"male",0.347935633270252,"GlialCell",0.012,0.004,0.004,0.004,0.012,0.004,0.012,0.006,0.002,0.004,0.006,0.024,0.024,0.048,0.032,0.018,0.062,0.008,0.014,0.018,0.034,0.006,0,0.008,0.004,0.13,0.084,0.024,0.05,0.02,0.012,0.016,0,0.012,0.042,0.006,0.032,0.006,0.008,0.02,0.056,0,0.112,-35.0968776842104,0.880268836828574,"Sample 20",66,0,"pigmented layer of retina",0.11138583121416,0.254265258023769,0.155422643101048,0.312070558309961,0.172078073425215,0.239827385407895,0.424144644282251,28.8404852768918,15.9207357565368,0.96375587168193,-4.57919873787745,323.326964250732,311.611050972991,-8.42409489310511,11.8879376361945,291.191816722521,1613979.9469967,666224.701433622,434.014254018178,18506.4635837873,9.34904807289728,15688.4579637991,35508.9434015434,59.314317705098,6.855163555247,-0.00503464726811044,0.821957235264723,1.51636118726684,-0.0124814938535545,-0.780719981732046,-57.4981869523418,-74.7288428686329,2.96243461375064,-0.1683093226921,-22.3213361399122,5681.03803349231,-8869.10999515426,-42.9764055211635,2224.74801136351,-4.58238533511569,1504.57371410112,-535.493295605499,-3.02970314370085,-0.120793564580039,-4.28698726409744,1.51636118726684,-3.37501040842325,0.821957235264723,-3.02970314370085,2.96243461375064
"Sample.21",37.4320630045489," WARNING: Some beta values were missing, see noMissingPerSample. WARNING: Predicted tissue does not match the column Tissue",2,0.292971938703086,0,1,0.906777509283846,0.0881819126658004,"female",0.530338376172731,"Uterine Endomet",0.008,0.006,0.002,0,0.01,0.002,0.012,0.002,0.006,0,0.016,0.022,0.024,0.028,0.03,0.018,0.114,0.008,0.012,0.01,0.048,0.01,0,0.006,0.006,0.106,0.086,0.01,0.046,0.012,0.014,0.038,0.002,0.01,0.02,0.002,0.036,0,0.006,0.012,0.044,0,0.156,-46.5679369954511,-0.150595583671155,"Sample 21",84,1,"pigmented layer of retina",0.110185341066082,0.2661033708244,0.113304510916267,0.277080164399028,0.193398667987954,0.269131097569909,0.399998008371388,34.8742480867076,24.1914062309951,1.15667031393213,1.03231622611271,351.95784462764,387.500941434417,2.3226557442695,24.9015670218661,356.064966390114,1851930.66928044,730071.304846826,636.494476490962,22590.2861698062,14.6128255917985,17778.3764009736,37889.7823821412,73.9248631750203,6.94469082067767,-0.0198035387950189,-0.141819133958462,1.93399276402556,0.165571430710962,4.97730449682649,-10.7681149919774,49.743471373146,8.56269454056788,5.36651348639413,15.2555641707547,40751.6042903935,228.026275491447,-40.9413168935177,3791.17881044383,-4.22242473343256,3549.35316377229,-576.83527994008,-0.922653717077267,0.0192680033905531,0.681493343452504,1.93399276402556,-1.15834708543954,-0.141819133958462,-0.922653717077267,8.56269454056788
"Sample.22",37.0046784727808," WARNING: Predicted tissue does not match the column Tissue",0,0.299325176471985,0,1,0.908718616946424,0.0897717392670372,"male",0.347750947876244,"Uterine Endomet",0.008,0.008,0.002,0.004,0.016,0.008,0.012,0.004,0,0.002,0.008,0.03,0.012,0.042,0.03,0.018,0.092,0.006,0.012,0.004,0.032,0.004,0.004,0.008,0.01,0.102,0.092,0.02,0.046,0.012,0.006,0.052,0.008,0.016,0.014,0.01,0.034,0.002,0.004,0.018,0.054,0.002,0.132,-33.9953215272192,4.88187913013669,"Sample 22",71,0,"pigmented layer of retina",0.119772313893916,0.263656210149224,0.132067656327527,0.273813353619803,0.202685811401832,0.243553228820893,0.396898905690665,36.9871617027217,29.7464265230586,1.20781971670151,7.40402267798312,274.482982134499,349.882826746751,0.429635867005103,19.974337666536,301.205100267663,1808163.47708026,695246.470281864,476.309724901881,10068.1438470381,17.5738095483399,17289.2400076855,37049.907553678,67.7172612463447,6.73413002461429,-0.0296754568641528,7.0248727780282,13.1606522599832,0.227454151808894,11.2431985215086,-101.314615850948,-22.961949378108,10.3865846209282,5.84064443637567,-19.8903440828055,143508.9692207,4944.47353571083,-56.3601384833321,-6912.84722175751,2.28020477443297,3092.81715034769,332.642810714565,1.90004705218507,-0.227789788951653,1.20514502634246,13.1606522599832,-0.801509082947814,7.0248727780282,1.90004705218507,10.3865846209282
"Sample.23",35.8967098551378," WARNING: Predicted tissue does not match the column Tissue",0,0.291610170028388,0,1,0.899259626749574,0.0910297556410165,"male",0.342332001875865,"GlialCell",0.006,0.002,0.002,0,0.01,0.002,0.012,0.002,0.006,0.012,0.004,0.038,0.032,0.05,0.042,0.02,0.064,0.008,0.012,0.006,0.032,0.01,0.004,0.006,0.006,0.124,0.084,0.022,0.054,0.012,0.018,0.022,0.004,0.012,0.036,0.006,0.046,0,0.01,0.018,0.044,0.002,0.098,-49.1032901448622,-2.10593790581882,"Sample 23",85,0,"pigmented layer of retina",0.113137645938524,0.256542363404485,0.133609470942257,0.281547257450488,0.187720940844103,0.262225544283313,0.414182314015687,27.0347830714969,13.1317584957777,0.925948182864421,-4.26651749356889,377.025268924207,384.025457040281,-9.98008616532601,18.9270763590929,317.973782408482,1889320.28767847,714374.271296308,755.016293919477,15752.5225559339,15.5776349140971,18014.7427832485,38128.5098946915,74.5977917453326,6.76320361177407,-0.0050982473516116,-8.37003632578248,-9.56193490995293,-0.0659763402281738,-0.313389805379086,15.3048199481153,48.9670105223629,-4.02596351961416,-1.02346643063383,-24.3520781084839,66870.1029091519,-18510.6443385021,66.4446597658227,-3186.43990270285,-3.5300496843128,3783.21182451918,-472.673376552684,-0.944363815837035,-0.159411744260828,-3.95981951839976,-9.56193490995293,-8.43115433274576,-8.37003632578248,-0.944363815837035,-4.02596351961416
"Sample.24",33.2761212906913," WARNING: Predicted tissue does not match the column Tissue",0,0.300593474111501,0,1,0.907717192475557,0.0906887429359911,"male",0.35171979642729,"GlialCell",0.01,0.01,0.002,0.006,0.012,0,0.012,0.008,0.006,0.006,0.012,0.036,0.02,0.05,0.032,0.034,0.068,0.01,0.014,0.014,0.032,0.002,0.002,0.006,0.004,0.104,0.086,0.02,0.046,0.028,0.018,0.03,0.008,0.012,0.06,0.002,0.03,0.004,0.006,0.012,0.052,0,0.074,-38.7238787093087,0.733332775310589,"Sample 24",72,0,"pigmented layer of retina",0.120435226059825,0.267835637764252,0.164996855870685,0.267879004020481,0.198763710506819,0.217070870763365,0.436916159731114,34.7236266448398,22.0639867965242,0.969751274515729,-3.90552952136853,352.180464133853,342.958457751179,-3.58015650402645,14.5220309930425,311.083997073746,1720401.69671587,686068.195497171,492.775146936525,14015.7582210555,18.2185466412879,16068.4079019652,36988.0341569745,67.6510524016484,6.98904473205835,0.010862782975404,4.37258554353305,5.04193259468773,-0.0114399302483172,-0.0582142603669989,-22.6116232080689,-27.1872948303269,6.09087609931018,-0.0271514913725955,-11.5279055743294,44476.0690770415,-7275.438312458,-51.0305572178622,-3105.08794701452,2.65250759420222,1869.47732309942,136.203804848117,1.13919953841659,0.0299323797446235,-0.784726094774493,5.04193259468773,2.40362464269219,4.37258554353305,1.13919953841659,6.09087609931018
"Sample.25",36.2094428154364," WARNING: Predicted tissue does not match the column Tissue",0,0.296619928865636,0,1,0.903888659193552,0.0905145660038548,"male",0.347669731008275,"Uterine Endomet",0.004,0.012,0,0.006,0.008,0.004,0.01,0.002,0.002,0.004,0.014,0.022,0.034,0.038,0.032,0.018,0.064,0.008,0.014,0.01,0.038,0.004,0,0.004,0.008,0.11,0.086,0.018,0.05,0.02,0.012,0.03,0.002,0.012,0.044,0.004,0.04,0.002,0.002,0.01,0.062,0,0.136,-41.7905571845636,1.14671926363602,"Sample 25",78,0,"pigmented layer of retina",0.11212995006576,0.275813097213041,0.130982402105237,0.278329496235508,0.202619562043456,0.238177564619773,0.417619357750008,37.5064665377257,26.4106633852807,1.06825526264772,0.836818053204949,374.762706960287,351.423956789562,1.48149423495433,19.9011943634091,330.767782463091,1766827.62908042,700113.225863506,739.596439969696,16794.9578962681,19.1343529807104,17529.3910410689,36984.8258680917,72.1228538566079,6.97899663643712,-0.00530810421105077,4.82291237673929,6.77092955087768,0.0821102186551173,4.7329698190626,6.00368347951754,-2.52765453182637,9.43702993477184,2.85907635346556,-0.942869970626255,23275.282765981,-11480.2303269753,128.975691200263,-1165.01886744808,1.93370829455206,3315.41413303534,-674.39813901213,1.44316897894322,0.0367290516367026,2.23975394387316,6.77092955087768,5.3056323034942,4.82291237673929,1.44316897894322,9.43702993477184
"Sample.26",30.4857787795279," WARNING: Predicted tissue does not match the column Tissue",0,0.30452649348444,0,1,0.904077486955926,0.0931641083313317,"male",0.355043635621772,"Uterine Endomet",0.012,0.014,0.006,0.002,0.016,0.002,0.02,0.006,0.002,0.008,0.014,0.034,0.02,0.034,0.026,0.014,0.092,0.008,0.02,0.01,0.02,0.008,0,0.008,0.008,0.106,0.08,0.024,0.064,0.018,0.022,0.026,0.004,0.01,0.03,0.006,0.03,0.002,0.004,0.008,0.052,0,0.11,-43.5142212204721,-2.89698808132605,"Sample 26",74,0,"pigmented layer of retina",0.115691879026343,0.251931528979247,0.184246892145152,0.258882156147334,0.168113845289741,0.263815864120797,0.4113189845825,38.565105364329,27.6129574116106,1.0092872417996,0.931790150901143,363.694252429858,221.510997582066,-3.43635554346332,20.8227329633001,304.932018810858,1720991.29596238,695595.195406338,542.031224300346,13215.1373927777,13.7038733143906,17409.2529622466,37170.1668573219,67.5799051048234,6.94656619547708,-0.013692420574993,7.43655990979564,9.71834333225196,0.0264447572926983,4.79538424685472,-9.08681362501317,-143.236707912734,5.66284475870026,5.4425719703755,-20.712800432431,22523.4287650128,-3831.71253024149,-24.0461613923895,-4185.41897384105,-2.40703427905268,3205.3069403249,49.2052868697302,-0.321225096552696,-0.00693123433221015,-7.4197357446418,9.71834333225196,2.15984091361236,7.43655990979564,-0.321225096552696,5.66284475870026
"Sample.27",33.0099840693725," WARNING: Predicted tissue does not match the column Tissue",0,0.309813054036763,0,1,0.897990098992923,0.0974242259230974,"male",0.362515950368146,"GlialCell",0.016,0.01,0.01,0,0.004,0.002,0.01,0.004,0.008,0.008,0.006,0.038,0.038,0.046,0.042,0.02,0.056,0.012,0.01,0.01,0.012,0.008,0.002,0.002,0.006,0.128,0.082,0.012,0.056,0.024,0.022,0.026,0.002,0.014,0.068,0.008,0.028,0.004,0.008,0.014,0.044,0.002,0.078,-43.9900159306275,-1.63275030969124,"Sample 27",77,0,"pigmented layer of retina",0.0856302487302451,0.267557772338256,0.165488052974521,0.290856336820585,0.147481809386021,0.313396115396752,0.44297631191778,34.4158060940971,18.9018135870257,0.987660045847071,-10.9932489314344,398.465203464457,355.394904355802,-16.7784230191751,12.0445378469362,313.003684654217,1555057.41429681,688530.679263804,548.807122707597,17044.2139618133,17.0072446550005,14119.0113144332,37760.1287094741,68.6492386422732,6.85423591541808,0.019527864157613,2.12100410972394,-0.301640308616203,0.00234064172589158,-7.10523658305281,28.7006693401619,-1.25573050893973,-8.53697116877103,-4.58209090875256,-17.1905094818932,-177223.812238354,-20021.1398632023,-50.6777852926624,-775.907702628583,0.0790342420209131,-92.4578720723615,235.470311533188,-1.33580756631926,-0.0908391306345581,0.987477548519183,-0.301640308616203,2.90633249654866,2.12100410972394,-1.33580756631926,-8.53697116877103
"Sample.28",33.9959071635122," WARNING: Some beta values were missing, see noMissingPerSample. WARNING: Predicted tissue does not match the column Tissue",4,0.313654958684433,0,1,0.877050164148177,0.105221425197679,"female",0.496525127113059,"GlialCell",0.012,0.012,0.014,0.002,0.004,0.006,0.01,0,0.002,0.022,0.028,0.048,0.04,0.048,0.046,0.008,0.056,0.008,0.004,0.014,0.002,0.002,0.002,0.002,0.004,0.166,0.042,0.004,0.048,0.026,0.016,0.02,0.002,0.014,0.124,0.014,0.018,0.002,0.01,0.016,0.028,0,0.054,-38.0040928364878,1.45311864813146,"Sample 28",72,1,"pigmented layer of retina",0.113928730444718,0.287707013057887,0.188535111178327,0.317915577407019,0.137803214684154,0.263464123791122,0.465902491441322,23.1645807725748,4.11993552507496,0.760721576001102,-13.5123115165782,480.165872166121,516.628988235273,-27.89009847999,4.2500141676053,344.784704878468,1461695.76513666,665503.006536848,488.999266528876,22877.7862697779,20.1289973527955,8005.02871923572,37292.739618761,64.9562771225828,7.44397881167242,0.0398491146856124,-7.18646032873197,-12.9021186767615,-0.220469628762944,-9.66499625557666,105.373784824199,146.483235653766,-18.2190658766533,-10.2991683168098,22.1728022303929,-214229.86250217,-27840.6272727806,-54.806437625511,5756.9401017079,4.56295830570978,-6193.90185963002,440.909266634594,-1.55557574064898,0.484866459358691,4.41255809354889,-12.9021186767615,0.414382852866536,-7.18646032873197,-1.55557574064898,-18.2190658766533
"Sample.29",31.1995429122508," WARNING: Predicted tissue does not match the column Tissue",0,0.306580608509481,0,1,0.88809945997199,0.0985169299610221,"female",0.47972356166082,"GlialCell",0.014,0.014,0.004,0,0.004,0.004,0.01,0,0.012,0.018,0.028,0.042,0.038,0.03,0.038,0.032,0.05,0.01,0.012,0.004,0.016,0.002,0,0,0.006,0.122,0.062,0.018,0.064,0.028,0.006,0.022,0.006,0.012,0.1,0.01,0.03,0.002,0.006,0.012,0.036,0,0.076,-50.8004570877492,-5.54313733049606,"Sample 29",82,1,"pigmented layer of retina",0.0704863003027213,0.295825111823487,0.186724210818544,0.298182899967852,0.15173689519872,0.271941728651501,0.448226784669811,35.1429738509164,19.2058756438758,0.938664654765458,-13.317467587473,376.387168957351,310.61515690608,-20.9489802109629,7.9210686174574,332.951237329443,1661055.44592018,712754.42325773,653.707966243152,24334.7176259495,19.2690887558659,10264.6639874155,38697.2023654576,71.1551483461341,7.05438725245718,0.0273832659051866,0.904410983476846,-2.17897794557151,-0.0507829487128559,-9.3887581517113,11.6501880506827,-32.5403602418966,-14.1371091134915,-10.7830064095051,-4.82524829470168,-127581.379511337,-11005.5811866532,-1.45614560297889,5815.32046513581,0.978706976992416,-3959.34380672986,499.715921702072,-2.30309120781914,0.123349512665631,-0.86249965920937,-2.17897794557151,3.52207787026829,0.904410983476846,-2.30309120781914,-14.1371091134915
"Sample.3",25.327825455014," WARNING: Predicted tissue does not match the column Tissue",0,0.310375099132097,0,1,0.882615316336084,0.101365934339386,"male",0.356551159382315,"GlialCell",0.018,0.014,0.006,0,0.004,0.004,0.008,0.002,0.008,0.02,0.02,0.052,0.038,0.036,0.042,0.032,0.042,0.006,0.006,0.006,0.006,0.004,0.002,0.002,0.006,0.14,0.038,0.02,0.05,0.03,0.014,0.024,0.002,0.022,0.128,0.01,0.012,0.006,0.012,0.014,0.028,0,0.066,-39.672174544986,-4.27503885121044,"Sample 3",65,0,"pigmented layer of retina",0.10480212533253,0.272482558216936,0.160897262455754,0.299348475151923,0.156328666834841,0.291002904276167,0.441301702609829,21.1412331004563,0.501776334853328,0.804757142738756,-17.6668089788964,497.719710859991,392.290526579736,-28.3213937126686,4.59181440432834,304.915425894717,1477621.00447946,659061.383067288,432.457812766874,20312.2802928923,18.8859024670627,8159.6650404334,36198.2208217295,60.7559999532473,7.29611199176942,0.0116014252603595,-6.48854276455756,-13.4663182956555,-0.170654582925302,-13.8764696402271,115.889049013392,3.25160919475941,-16.6489480552263,-7.0489433003035,-7.08126867010965,-119406.784704487,-12990.7912980123,-33.3970060032926,4170.41981974288,5.22690333222848,-6021.71148773657,288.349733743465,-0.89338222647944,0.317347410690167,1.22349705123242,-13.4663182956555,1.59140462333994,-6.48854276455756,-0.89338222647944,-16.6489480552263
"Sample.30",36.5403860381673," WARNING: Predicted tissue does not match the column Tissue",0,0.294866258567172,0,1,0.90103676413538,0.0912901694182861,"male",0.343863548029313,"Uterine Endomet",0.008,0.006,0.004,0.006,0.01,0.008,0.016,0.008,0.002,0.008,0.002,0.026,0.032,0.038,0.022,0.018,0.072,0.01,0.016,0.004,0.042,0.004,0.002,0.002,0.006,0.106,0.06,0.016,0.068,0.022,0.018,0.038,0.002,0.012,0.04,0.006,0.04,0.002,0.002,0.02,0.054,0,0.122,-38.4596139618327,2.73763000457678,"Sample 30",75,0,"pigmented layer of retina",0.126452475352161,0.254568799482772,0.134341920443562,0.286053693501983,0.172219875740494,0.257227291601781,0.415444486555218,36.0362253494582,23.2813581826615,0.960725143047915,-4.779447915717,346.819743128783,409.352933189666,-9.37889885632775,17.5595959093643,324.712026764089,1634348.84818156,712066.53236139,520.562780594984,15989.2946013628,16.6580657821802,16017.8450115421,37134.0415890457,69.4574022921303,6.96260121873903,-0.00904593280316641,4.51892771831162,4.95046416454178,-0.0229429813304109,-0.907714402287405,-24.9558122825623,47.3042512382183,-0.565614704750687,1.76394566218501,-2.44925077680726,-75390.1387950672,9597.98736133481,-56.6504458669259,-1551.1168645303,0.274723915558143,1811.39126809248,-121.485590569387,0.861633421682058,0.0119112501819587,-0.969551124625393,4.95046416454178,2.78551948660498,4.51892771831162,0.861633421682058,-0.565614704750687
"Sample.31",35.1849665700919," WARNING: Some beta values were missing, see noMissingPerSample. WARNING: Predicted tissue does not match the column Tissue",3,0.311802950905421,0,1,0.882699887696496,0.102241232858317,"female",0.489369772282615,"GlialCell",0.008,0.02,0.01,0,0.012,0.004,0.01,0.002,0.006,0.014,0.026,0.034,0.04,0.04,0.042,0.022,0.032,0.004,0.008,0.006,0.012,0.004,0.002,0.002,0.004,0.14,0.048,0.016,0.044,0.038,0.018,0.022,0,0.018,0.132,0.01,0.018,0,0.012,0.018,0.048,0.002,0.052,-39.8150334299081,1.38221053650141,"Sample 31",75,1,"pigmented layer of retina",0.102566115998207,0.289072620536519,0.176531638852365,0.317872852694763,0.13182564836858,0.275514729720114,0.464405745996802,22.7618578275065,2.83730753995847,0.864834832579198,-17.6165511749531,470.913717695101,388.439995585222,-29.6828840827591,5.93336517619574,352.205304757661,1584793.10214511,689780.458755543,402.96843896225,22582.826133738,14.4039954268661,12560.5560517895,37339.3162688836,66.7198876845303,7.12737615776595,0.0399153266384178,-8.75543980364008,-15.4935864781613,-0.118833291799129,-13.7448176615235,99.138162283755,26.3913136337748,-20.8695999311821,-9.86228507098355,25.0440272167651,-124945.884831523,-12688.0862445118,-174.24478749966,5042.41466784487,-1.97934643975594,-1645.89769166012,83.7890892684704,-1.87588118591795,0.176686189208874,7.16390297928073,-15.4935864781613,-0.179170193414085,-8.75543980364008,-1.87588118591795,-20.8695999311821
"Sample.32",32.5177582077018," WARNING: Predicted tissue does not match the column Tissue",0,0.296158791611001,0,1,0.906945842125542,0.0894996257074616,"male",0.345817809482564,"Uterine Endomet",0.006,0.01,0,0.002,0.016,0.008,0.012,0.004,0.002,0.004,0.004,0.03,0.026,0.036,0.018,0.008,0.086,0.006,0.01,0.02,0.028,0.006,0.002,0.008,0.006,0.106,0.106,0.018,0.04,0.016,0.012,0.04,0.01,0.012,0.022,0.004,0.042,0.002,0.002,0.022,0.046,0,0.142,-35.4822417922982,1.65492638326753,"Sample 32",68,0,"pigmented layer of retina",0.0919254532333092,0.267181672767776,0.129697759262242,0.274669704132601,0.189115448044678,0.273719578845109,0.409586042808108,30.7500425918491,20.7591805451121,1.11912000021599,6.01299803314604,376.75831878051,377.357148321836,-2.28590622595519,20.0085652752663,328.248186362057,1756229.70647062,698585.429927977,464.431703751167,9051.77614596279,13.5708111460438,11979.9015331393,36322.0745443641,65.655948797361,6.77014894083787,-0.0185512771440364,1.95401019699547,5.48224609831999,0.141231354937651,9.82775562424349,-2.05581113551303,-3.5846984330817,8.52879097972751,7.1213398078702,11.70211690441,125388.557948875,17408.3443722499,-34.8306373265231,-7509.64962500975,-0.905490808326752,-2208.99815961457,8.50662888938303,1.92265061041786,-0.20019325648473,0.941700460903273,5.48224609831999,-0.236350300411449,1.95401019699547,1.92265061041786,8.52879097972751
"Sample.33",29.1201502017201," WARNING: Predicted tissue does not match the column Tissue",0,0.319152412338292,0,1,0.886284479437753,0.10437447032925,"female",0.501065128581885,"GlialCell",0.012,0.01,0.014,0.002,0.004,0.004,0.012,0.004,0.004,0.016,0.02,0.048,0.032,0.042,0.042,0.032,0.046,0.006,0.012,0.006,0.014,0.006,0,0.004,0.004,0.116,0.052,0.01,0.048,0.024,0.016,0.022,0.006,0.002,0.104,0.016,0.026,0.004,0.01,0.018,0.04,0.002,0.088,-53.8798497982799,-8.04251921376334,"Sample 33",83,1,"pigmented layer of retina",0.108829393923971,0.279657786547778,0.183426471391359,0.304127838058245,0.155997225470681,0.267709770470925,0.447348640867756,26.0841265066812,6.19423333712415,0.806003301221082,-15.9526618950768,509.641225131296,343.759926211694,-30.4721768062181,8.16270105277625,323.138436461945,1629158.3423071,697937.873785359,681.611033536935,24279.1014723419,24.1706286734974,12860.7433826468,38181.847319329,71.4682025058865,7.24244451839264,0.0270261079022403,-8.54318853737163,-15.6269001910843,-0.184269942128659,-12.015813041839,145.909754868153,3.30343260707041,-23.9462218593332,-10.956863228441,-16.1545074598066,-170749.602903684,-28863.7677225003,15.3110809216301,5619.84921225384,5.60781262144506,-1365.7721330266,-150.204733589447,-2.6846757171389,0.314214239853307,-2.26380861205328,-15.6269001910843,0.515622101157264,-8.54318853737163,-2.6846757171389,-23.9462218593332
"Sample.34",14.4935165512481," WARNING: Some beta values were missing, see noMissingPerSample. WARNING: Predicted tissue does not match the column Tissue",1,0.31628233433384,0,1,0.86595452273812,0.108410000984076,"female",0.505513571959932,"Neuron",0.014,0.014,0.016,0.002,0.004,0.002,0.022,0.006,0.008,0.026,0.044,0.044,0.032,0.03,0.042,0.028,0.026,0.004,0.01,0.006,0.008,0.008,0.002,0,0.004,0.15,0.03,0.006,0.024,0.022,0.004,0.016,0,0.018,0.19,0.018,0.02,0,0.014,0.014,0.034,0,0.038,-47.5064834487519,-13.8493802367665,"Sample 34",62,1,"pigmented layer of retina",0.0934893781214277,0.301781496348706,0.210373448843853,0.321141323128804,0.100892767328678,0.304622068840092,0.495774515036206,15.4701419934119,-6.31601650788604,0.874121511731185,-22.794621217858,451.937782389035,441.959983065297,-46.3297706923244,0.827919825891483,308.488548248589,1197781.25464003,617317.618568279,305.937043703095,24167.4028559867,21.7956337128958,1479.81682271064,35778.4802978382,54.2591914278878,7.54859145881938,0.0645112802894108,-10.9933773417621,-18.9752713221116,-0.0988132943185924,-19.0287001316167,67.0905886118597,44.8239950502611,-33.7995765831225,-9.56637011597612,1.04122857658394,-365433.17520611,-45609.6446065949,-126.510252759549,8445.10768066034,8.95393739759794,-12694.0365408754,272.306037340922,-5.3062747446225,0.561404493983475,-6.17136812558864,-18.9752713221116,-3.76415766200545,-10.9933773417621,-5.3062747446225,-33.7995765831225
"Sample.35",41.4667212437987," WARNING: Predicted tissue does not match the column Tissue",0,0.297091279506138,0,1,0.891893984800464,0.0947869840393274,"male",0.346595951735654,"GlialCell",0.008,0.012,0.002,0.002,0.004,0.01,0.01,0.004,0.006,0.014,0.006,0.04,0.046,0.042,0.032,0.024,0.046,0.006,0.006,0.014,0.028,0.006,0.002,0.004,0.006,0.142,0.076,0.014,0.05,0.024,0.024,0.024,0.004,0.01,0.068,0.012,0.022,0.004,0.006,0.022,0.036,0.002,0.08,-38.5332787562013,5.56401934652507,"Sample 35",80,0,"pigmented layer of retina",0.12085056458291,0.275907737486838,0.137371943034912,0.304486102980888,0.147064856292676,0.258119883209792,0.435280349395614,29.9965983598485,12.7576541365943,0.774192941007442,-14.5922107718549,381.609521951478,448.169108057087,-8.0691382585524,8.76630527237898,308.910231836049,1709539.21206175,737817.66508537,585.212005817227,27111.3644299408,13.386544378853,11223.1879670495,38237.0768202928,69.687074009118,7.15996832694243,0.013394859032773,-3.46446015436447,-7.75463957533083,-0.213603382728018,-10.6797801710452,14.8615197577586,99.615543822404,-0.685434859907937,-9.10679124607405,-25.8333371928818,-56555.3738112268,20140.9347679377,-47.6804244905549,8871.67746767582,-4.35896885366295,-2995.80438403993,308.721594863178,-2.38188820669092,0.223315664646446,4.70571240555688,-7.75463957533083,1.32624944147842,-3.46446015436447,-2.38188820669092,-0.685434859907937
"Sample.36",32.8133447107967," WARNING: Predicted tissue does not match the column Tissue",0,0.294582593053648,0,1,0.89526316073657,0.0931128753794221,"male",0.345784306376119,"GlialCell",0.016,0.016,0.004,0.004,0.008,0.004,0.006,0,0.002,0.012,0.012,0.032,0.036,0.036,0.032,0.022,0.06,0.012,0.01,0.006,0.026,0.004,0.002,0.002,0.014,0.13,0.066,0.008,0.054,0.034,0.008,0.036,0.006,0.016,0.058,0.008,0.038,0.004,0.006,0.018,0.042,0,0.09,-43.1866552892033,-1.4094004955304,"Sample 36",76,0,"pigmented layer of retina",0.102403153543018,0.274823157410317,0.134569099681643,0.2972401757123,0.168191051897672,0.269159215760052,0.414065732611926,32.0183490061745,17.3052417067373,0.976537677111918,-5.91792635358285,431.536310536824,374.21411490289,-10.0624289493183,12.4647881929075,315.447589364477,1663846.46589577,712156.21883364,695.588949569945,18989.1914922217,21.4265580247764,17544.9685455492,37644.2955382175,71.6819791529229,6.96240028586164,-0.00990370094734898,0.112299198414643,-1.46193225014353,-0.00795608713783498,-2.03805342267723,60.7662657690034,14.8644564947952,-1.53506094832773,-3.74635130852653,-13.2301464740257,-57163.640860131,6646.03677010927,107.23988233886,1308.9249270542,4.77078188497555,3336.00708057163,254.202749439441,2.39157161340251,0.0145177785567865,1.0351137826318,-1.46193225014353,4.67161342938481,0.112299198414643,2.39157161340251,-1.53506094832773
"Sample.37",36.3266015704289," WARNING: Predicted tissue does not match the column Tissue",0,0.287499307675591,0,1,0.909192866937665,0.0856591780865457,"female",0.495128943322397,"Uterine Endomet",0.006,0.002,0.004,0.004,0.02,0.006,0.008,0.008,0.006,0.004,0.012,0.012,0.014,0.024,0.014,0.008,0.102,0.002,0.004,0.012,0.05,0.004,0.002,0.006,0.008,0.134,0.116,0.014,0.044,0.01,0.012,0.04,0.012,0.012,0.008,0.004,0.038,0,0,0.016,0.04,0,0.158,-37.6733984295711,2.94383470957502,"Sample 37",74,1,"pigmented layer of retina",0.0920905697386577,0.274922547370621,0.117567754795041,0.27773203947391,0.212500274358414,0.237522035528103,0.404758003333297,31.6811461285734,21.663367705764,1.01741525090413,3.2126325838,312.630675729604,400.673094190526,-0.951058069356975,23.4737620129916,356.660776112469,1802285.2697673,729918.130156631,572.323262581406,16208.8346548948,13.2768344597337,16796.2309519397,37255.2105250028,70.1609408420435,6.87070248424042,-0.0202534018241956,0.552600674040071,3.76875362640533,0.0345727663972338,7.07622667975357,-60.1503903252675,35.9253886957259,8.14814223280661,8.09360102006704,31.0159568691802,103817.402569938,30491.2222200517,6.24587688867031,-1191.72171172399,-2.83407313370958,2592.284930018,134.248954550561,2.25981064066744,-0.0827949455688744,0.917890617916731,3.76875362640533,-2.30932722495519,0.552600674040071,2.25981064066744,8.14814223280661
"Sample.38",33.1939126488691," WARNING: Predicted tissue does not match the column Tissue",0,0.293681076313257,0,1,0.904256521385023,0.0884297736776372,"male",0.343665635158667,"Uterine Endomet",0.008,0.006,0.002,0.004,0.014,0.012,0.014,0.002,0,0.004,0.02,0.026,0.018,0.038,0.026,0.022,0.084,0.012,0.014,0.006,0.028,0.004,0.002,0.002,0.004,0.094,0.084,0.02,0.046,0.006,0.014,0.038,0.008,0.014,0.018,0.002,0.042,0.002,0.004,0.016,0.052,0,0.168,-40.8060873511309,-0.188854211984788,"Sample 38",74,0,"pigmented layer of retina",0.0808349457109295,0.285710297559552,0.157084121251506,0.271707905075193,0.202311118248983,0.23684356479016,0.406368426752847,31.4596170008753,20.1836583798395,1.02609732838559,1.32499123713647,356.86037491369,333.605897478253,1.74870215220057,19.2863979657557,327.92857306383,1702562.9881378,706086.194534262,596.499611375701,12041.08076848,16.3477894128429,16660.3818473235,37140.0625490414,70.0318204099804,6.73221317543751,-0.018642978404646,0.331071546341963,2.28904430048087,0.0432548438786904,5.18858533309005,-15.920691141181,-31.1418080165471,10.8479024543642,3.90623697283112,2.28375382054137,4095.12094043373,6659.2865976819,30.4222256829652,-5359.47559813879,0.23688181939965,2456.43582540178,19.1009785892402,2.13069020860429,-0.221284254371783,0.845751396768009,2.28904430048087,-0.915047786073756,0.331071546341963,2.13069020860429,10.8479024543642
"Sample.39",30.2549609372942," WARNING: Predicted tissue does not match the column Tissue",0,0.296335041309877,0,1,0.907231353272951,0.0887431569772722,"female",0.496013581995605,"Uterine Endomet",0.01,0.004,0.002,0.004,0.01,0.006,0.016,0.006,0.002,0.004,0.012,0.026,0.014,0.034,0.014,0.018,0.1,0.006,0.01,0.004,0.05,0.008,0,0.002,0.006,0.076,0.1,0.014,0.044,0.024,0.01,0.042,0.006,0.014,0.018,0.004,0.046,0.008,0.002,0.02,0.056,0.002,0.146,-53.7450390627058,-7.32769765092589,"Sample 39",84,1,"pigmented layer of retina",0.120433343551316,0.296021265284131,0.134883979209184,0.271945280274318,0.189343794426989,0.217778354776233,0.399573706080434,35.0539871906478,27.1463991943033,1.33590070587216,5.4663728294799,289.474626121967,261.005919455908,4.41988326219894,22.9288698697992,354.581300407837,1964556.82461772,747478.42488144,578.031240161095,16226.4478704446,9.81321212156549,15697.9749854496,38721.6299151795,74.3198395827265,6.71348702253671,-0.0202278410859726,0.0379199699816469,4.88898572733379,0.34480182265099,9.41136110019368,-73.2513334976504,-76.751550605363,10.6599220584973,3.39381633432721,13.7718981884777,153377.759627671,17635.1463101057,-99.4045532233851,-2572.65948891785,-9.0220382036656,1468.95174824822,255.012253098236,-0.527677309371051,-0.211935794750404,-5.27712640487399,4.88898572733379,-2.51353894088405,0.0379199699816469,-0.527677309371051,10.6599220584973
"Sample.4",28.7385108615433," WARNING: Predicted tissue does not match the column Tissue",0,0.321674897195631,0,1,0.857292721819028,0.111654737074142,"female",0.504163628728141,"Neuron",0.016,0.02,0.032,0,0.002,0.006,0.016,0.006,0.004,0.034,0.054,0.056,0.034,0.03,0.054,0.03,0.022,0.006,0.008,0.006,0.018,0.004,0,0.002,0.004,0.108,0.016,0.002,0.024,0.024,0.012,0.018,0.002,0.006,0.22,0.012,0.02,0,0.008,0.01,0.026,0.002,0.026,-54.2614891384567,-8.42415855394016,"Sample 4",83,1,"pigmented layer of retina",0.0768297788299617,0.296813359939407,0.22351639709689,0.327788866157333,0.102547913387348,0.300516026990131,0.495119854524022,21.2226412217904,-1.49257827944567,0.842067565861179,-23.0114911340563,533.143645267419,467.571698046972,-46.7100483540569,2.27922755985877,344.161698283717,1456525.67019299,691001.009955614,565.981914619341,30848.1723947047,27.840870421217,5575.27542764458,38732.9669953173,71.2887097431812,7.5961873239141,0.0747973215585068,-13.4046738222624,-23.3137118076541,-0.148205677488562,-19.0746422808185,169.412175004276,127.115204442348,-40.184093407172,-16.8403367213585,4.86875436196488,-343382.27501779,-35800.6315522445,-100.318037995965,12188.9201346167,9.27805436916466,-8651.24008802879,400.914942398908,-2.86416847984413,0.667957045374764,1.06668278719048,-23.3137118076541,-2.10187834303301,-13.4046738222624,-2.86416847984413,-40.184093407172
"Sample.40",21.9422951710163," WARNING: Predicted tissue does not match the column Tissue",0,0.30742231070493,0,1,0.884090073600887,0.100416760376747,"male",0.358427519023549,"GlialCell",0.01,0.02,0.01,0.004,0.01,0.002,0.016,0.002,0.006,0.018,0.016,0.054,0.038,0.03,0.036,0.028,0.038,0.008,0.008,0.006,0.01,0.002,0,0.004,0.01,0.166,0.034,0.012,0.048,0.03,0.016,0.016,0.004,0.014,0.12,0.014,0.014,0.004,0.012,0.016,0.03,0.002,0.062,-37.0577048289837,-5.14063409878841,"Sample 40",59,0,"pigmented layer of retina",0.11403354976508,0.275459835070667,0.160561226931701,0.315131532923421,0.140129346570681,0.28381329846603,0.478439748277733,15.7906832173266,-6.55792479042347,0.694905375093837,-20.993882010866,496.60341049395,465.970619366786,-35.852868785309,1.92913054540016,286.449446270183,1412299.94932297,626015.228504258,259.937505432777,22275.7236842307,4.95234151287017,8437.23850278172,35536.4147694468,51.9451039610901,7.22024586382386,0.0456135561336121,-9.50657958800754,-17.9083397883658,-0.27555251134166,-17.2523791770527,108.739684786199,60.7375607216915,-22.4649262243476,-7.2186916337032,-16.4484985090009,-117101.121185357,-27787.1234801905,-139.102268722343,6972.99380672747,-7.07205198289131,-5729.09169622045,433.937336438241,-5.53644620420377,0.224636515231304,-1.22244868373174,-17.9083397883658,-0.0902251951628894,-9.50657958800754,-5.53644620420377,-22.4649262243476
"Sample.41",29.6649185663189," WARNING: Some beta values were missing, see noMissingPerSample. WARNING: Predicted tissue does not match the column Tissue",1,0.306293557763087,0,1,0.880194341238467,0.101330194813601,"female",0.487868708681871,"GlialCell",0.016,0.016,0.01,0.002,0.006,0.006,0.02,0.004,0.006,0.018,0.028,0.044,0.046,0.046,0.05,0.024,0.032,0.004,0.008,0.006,0.002,0.002,0,0,0.006,0.182,0.036,0.008,0.042,0.026,0.008,0.018,0.006,0.012,0.124,0.01,0.018,0,0.014,0.008,0.028,0,0.058,-41.3350814336811,-2.45788077632513,"Sample 41",71,1,"pigmented layer of retina",0.0946709918238079,0.288230466235873,0.172402085325169,0.312524811829184,0.136327014174915,0.283679012767158,0.460767460242251,22.6947534307308,4.86447779320138,0.871450473078505,-11.1995509073488,462.291146378615,479.506383764862,-33.4401077666982,3.11093833412203,312.426686669239,1448028.7439368,676820.655312925,519.23715201527,23705.6916403748,14.1841009094811,6457.70498479953,36575.0227043493,60.1982846752005,7.39467706587719,0.034193097687433,-7.2675354939627,-11.721296469874,-0.108915091814114,-7.3603750638233,86.4935483931678,106.661607640003,-23.483159012775,-11.0227548960383,-8.66875768122875,-216625.763922759,-13481.3414332286,-13.4327113699425,6724.70057157917,-1.10950386442579,-7738.71787253824,-142.242038614178,-5.61892951895908,0.432757252311245,1.4279027358737,-11.721296469874,-0.728281311218736,-7.2675354939627,-5.61892951895908,-23.483159012775
"Sample.42",23.3383853726832," WARNING: Predicted tissue does not match the column Tissue",0,0.293141934876543,0,1,0.904413874940034,0.0895099010491047,"male",0.342424739598874,"Uterine Endomet",0.012,0.004,0.008,0.006,0.02,0.01,0.014,0.004,0.004,0.012,0.016,0.016,0.01,0.03,0.024,0.006,0.074,0.014,0.018,0.014,0.03,0.002,0,0.006,0.01,0.112,0.092,0.02,0.046,0.016,0.012,0.028,0.01,0.008,0.028,0.01,0.03,0.004,0.002,0.014,0.04,0.002,0.162,-42.6616146273168,-6.68446810627783,"Sample 42",66,0,"pigmented layer of retina",0.0794855647230293,0.284609646375893,0.148154697098395,0.29391923805503,0.183049196735,0.240678968246538,0.404275215225986,20.8020287700033,8.50627985544283,1.01401930026975,0.0733220132995775,339.069991081969,422.748003241852,-10.3656315039013,9.20526978433586,292.473694675316,1781109.6640461,707849.437342672,474.476822171458,12573.1566687255,7.32200512448703,17994.0314832917,36497.0408561182,62.8900873010985,6.84899046316111,-0.0249040763243746,-7.21649927162382,-5.8980947138271,0.0377819347342631,3.87180076944498,-41.755160121105,36.4081094002275,1.02089800295441,-2.85097717455072,-21.0394581871169,172810.755082893,32755.6259138956,-2.51383736788274,-3708.55890369833,-6.60942828352594,3810.14723359376,452.604158969255,0.546066452299584,-0.126966656665923,-7.39961025499656,-5.8980947138271,-8.68843808718496,-7.21649927162382,0.546066452299584,1.02089800295441
"Sample.43",37.0500042984776," WARNING: Predicted tissue does not match the column Tissue",0,0.284983737725781,0,1,0.903557110418049,0.0871642326614258,"male",0.335793805295719,"Uterine Endomet",0.004,0.006,0,0,0.018,0.002,0.01,0.004,0.004,0.008,0.014,0.022,0.018,0.042,0.02,0.008,0.11,0.012,0.016,0.006,0.046,0.004,0.002,0.006,0.012,0.102,0.086,0.02,0.05,0.008,0.004,0.036,0.008,0.02,0.018,0.002,0.042,0.002,0,0.012,0.044,0,0.152,-36.9499957015224,3.66723743762369,"Sample 43",74,0,"pigmented layer of retina",0.0844927622644898,0.274180220864922,0.132693636461837,0.297428331188603,0.193079450429486,0.231408446410205,0.405738837256983,33.668258388545,22.2389720330853,0.917688267427081,-0.15353068895716,332.461919999127,375.1803698334,-0.791012817469351,22.6922170892687,318.663459656768,1745541.69887474,723937.402306041,670.89180359449,9626.07850872971,8.6818421101011,16448.8160009233,37245.1376024918,68.6100980157732,6.66401180727122,-0.01927256790051,2.53971293401168,4.34435795372667,-0.065154217079818,3.71006340699641,-40.3191460557442,10.4326643385999,8.30818748469423,7.31205609634416,-6.98135958652124,47073.831677379,24510.4943694611,104.814417901754,-7774.47785788903,-7.42906548334214,2244.86997900168,124.176032039631,0.708967814397133,-0.289485622538069,0.36994058603535,4.34435795372667,1.17568058415123,2.53971293401168,0.708967814397133,8.30818748469423
"Sample.44",23.9048871737268," WARNING: Predicted tissue does not match the column Tissue",0,0.292948660314597,0,1,0.909606014725281,0.0872681719271843,"male",0.341418168793687,"Uterine Endomet",0.014,0.01,0.004,0.008,0.018,0.004,0.01,0.004,0.006,0,0.008,0.018,0.02,0.04,0.03,0.01,0.078,0.014,0.01,0.006,0.02,0.004,0.002,0.002,0.004,0.13,0.094,0.014,0.056,0.026,0.008,0.038,0.004,0.012,0.024,0.002,0.032,0.004,0.006,0.012,0.048,0,0.146,-26.0951128262732,0.601860458551639,"Sample 44",50,0,"pigmented layer of retina",0.0849498898130237,0.268790641665532,0.162029334473775,0.254203320853958,0.192401531183802,0.255494347462184,0.430525605847883,24.2900635605094,12.4477633294633,1.08071310747444,1.28893306479561,362.88797899957,466.618176085063,-7.07858905585867,8.48805529030217,289.535906839277,1571913.59101692,629100.805382295,315.459756800736,15708.0371475822,7.30905991226174,18755.825062438,33803.2837344749,51.8782019089935,6.94700358073774,-0.00698945848821528,2.49157034469471,5.02386778037081,0.117685979881785,4.95718114132469,-34.0253424999094,37.0939055497915,8.88259886038141,3.07963639949152,0.286086738555415,143952.598522011,2673.18696912582,16.6425495681855,1664.00316354821,-2.26342512489068,4612.0643571875,-88.1032160674557,0.648399765348929,-0.0738729191247751,0.115008193164659,5.02386778037081,-1.56056189585943,2.49157034469471,0.648399765348929,8.88259886038141
"Sample.5",37.408880327493," WARNING: Some beta values were missing, see noMissingPerSample. WARNING: Predicted tissue does not match the column Tissue",1,0.28868155725458,0,1,0.909577239634803,0.085398760251655,"female",0.484811519441306,"Uterine Endomet",0.008,0.008,0.002,0.004,0.016,0.008,0.014,0,0.002,0.006,0.014,0.014,0.012,0.034,0.018,0.012,0.112,0.004,0.006,0.01,0.054,0.006,0,0.002,0.004,0.092,0.092,0.022,0.046,0.016,0.008,0.022,0.01,0.012,0.016,0,0.048,0.002,0,0.014,0.048,0,0.182,-45.591119672507,0.246210912009527,"Sample 5",83,1,"pigmented layer of retina",0.131773700728689,0.255728164816155,0.135006840656759,0.272242017326722,0.192989068522214,0.227147795940107,0.408652978704052,31.7023773150102,21.750041555101,0.934489821119072,6.02023866897153,350.248812942544,418.275673656117,5.83362087482585,27.835065167515,340.854109619012,1868551.64387473,738361.775254164,694.301066657177,13530.5139845652,10.8856702982301,16905.9858395951,37090.0376474458,71.6126066572434,6.87949251542643,-0.0116695542614636,-2.92493772904264,-0.0710919731074506,-0.0557834222306689,9.95708752220929,-13.4826573205984,77.8191800514936,12.3595758217108,8.71550088629769,1.5611656972601,68643.6986639514,11560.1337463046,28.0011140418715,-5128.73827552281,-7.6771457538222,2679.47032392176,-1242.01440547255,-2.54027156578199,-0.0487377631129046,-6.74468352607455,-0.0710919731074506,-5.90190369223619,-2.92493772904264,-2.54027156578199,12.3595758217108
"Sample.6",26.5586146955356," WARNING: Predicted tissue does not match the column Tissue",0,0.299275882658321,0,1,0.898865149052644,0.0925037713307756,"female",0.502816964310953,"GlialCell",0.016,0.014,0,0.002,0.01,0.004,0.012,0.006,0.006,0.006,0.004,0.038,0.04,0.04,0.04,0.018,0.074,0.01,0.016,0.016,0.022,0.008,0.002,0.002,0.006,0.102,0.074,0.016,0.064,0.022,0.016,0.026,0.004,0.016,0.048,0.006,0.02,0,0.01,0.01,0.054,0,0.1,-35.4413853044644,-1.78428209247893,"Sample 6",62,1,"pigmented layer of retina",0.0891740743028954,0.299511276594366,0.169014343228405,0.294356055655106,0.179184350438674,0.232004479567631,0.427961517997891,24.4322556303236,10.4226957808426,0.991254841970205,-5.19869029104579,362.094350797218,376.368924674679,-15.6017878925069,8.5141972817483,342.034093455905,1601923.42703646,675096.282510361,507.111278966853,18072.7086276095,9.72873470516297,13213.2705297951,35037.4551193413,59.2112548864554,6.99825112372174,-0.0033017167489038,-2.03126370485041,-2.23655903338295,0.0183200359204278,-1.43276920480447,-22.7528429799571,-20.7670633403569,-3.07159378330509,-1.8800926601193,34.5867737839003,38708.9971903196,12169.0193354869,74.66398250421,2350.41345228311,-3.11296161013486,-960.582833790964,-468.719141155955,-0.354211286054912,0.0110641588858297,1.0820502791614,-2.23655903338295,-0.958165463496587,-2.03126370485041,-0.354211286054912,-3.07159378330509
"Sample.7",41.0142375572679," WARNING: Predicted tissue does not match the column Tissue",0,0.292328263651388,0,1,0.913565738744204,0.0853461727096097,"male",0.342403381187783,"Uterine Endomet",0.008,0.006,0.002,0.004,0.01,0.006,0.02,0.008,0.004,0.004,0.01,0.03,0.018,0.04,0.024,0.014,0.074,0.008,0.012,0.01,0.044,0.008,0.002,0.01,0.008,0.108,0.112,0.02,0.046,0.018,0.006,0.04,0.006,0.012,0.028,0.004,0.034,0.002,0.002,0.014,0.048,0,0.116,-31.9857624427321,8.05145986915063,"Sample 7",73,0,"pigmented layer of retina",0.0815755778887262,0.267878313477862,0.160998497442481,0.258962565965117,0.193476798373135,0.252820589839249,0.422046260382359,37.7770642059418,27.9097950798536,1.19673273281677,0.669384628827729,314.28966578679,378.48441659022,6.07508260321641,22.385063883969,316.547598649261,1813201.32028452,730432.906180313,711.785765896987,9673.18205172075,13.2530927421685,16809.3682296804,37176.6571233672,69.936178629904,6.76475847459009,-0.00348613057424165,7.03727092802178,10.4514609392561,0.214715888181301,4.52483930730528,-59.4969109116069,11.0376875520667,15.4601990559665,7.42039214529917,-7.58076229642111,126004.572866429,34047.6353072086,156.844220973425,-7587.51921562363,-2.58538057809597,2607.92992928672,190.261162077944,2.72968709760011,-0.191546416471418,8.12721424114961,10.4514609392561,1.40458461304178,7.03727092802178,2.72968709760011,15.4601990559665
"Sample.8",29.9345963328391," WARNING: Predicted tissue does not match the column Tissue",0,0.299341312622251,0,1,0.90056301345862,0.0911822199422596,"female",0.483762236037951,"GlialCell",0.012,0.008,0.002,0.004,0.018,0.004,0.014,0.006,0.002,0.006,0.008,0.026,0.026,0.03,0.026,0.02,0.088,0.008,0.02,0.01,0.036,0.01,0,0.006,0.002,0.12,0.07,0.01,0.062,0.024,0.016,0.028,0.004,0.012,0.032,0.002,0.036,0.006,0.006,0.01,0.062,0,0.108,-43.0654036671609,-3.02818135527818,"Sample 8",73,1,"pigmented layer of retina",0.0873026419312429,0.274327685785381,0.171866007355389,0.282660430646412,0.16723354080456,0.262986326244155,0.401938029607628,34.1027155480901,23.7405567867719,1.05517780154811,3.37163627158746,356.826043176725,269.403409782024,-11.5049554517026,15.6853420789695,329.342292082421,1788939.5408812,701595.062943699,468.681602456739,19382.8706852673,25.8111224676379,9219.24740536069,36815.6309058003,67.773543227497,7.05473959274467,-0.0235943613489732,3.36292227017001,6.28222264617436,0.0731609569126406,7.22709095006502,-16.9605335216716,-98.0433192561292,-2.11983899895248,0.720670340299716,5.2139311367391,101742.793463107,5209.79207059478,-86.2599424668227,2122.16941792292,9.97264914737348,-4982.19089503301,-170.765055489019,0.56705169519309,0.0984347016831605,-5.07350390894461,6.28222264617436,-0.0706752316078527,3.36292227017001,0.56705169519309,-2.11983899895248
"Sample.9",25.8958867559797," WARNING: Predicted tissue does not match the column Tissue",0,0.291877311888497,0,1,0.897174417093982,0.0909276811475668,"male",0.341328939319669,"Uterine Endomet",0.006,0,0.002,0.008,0.01,0.01,0.012,0.006,0.002,0.01,0.008,0.022,0.026,0.038,0.024,0.02,0.08,0.006,0.016,0.018,0.018,0.01,0,0.002,0.008,0.13,0.074,0.022,0.046,0.012,0.006,0.036,0.004,0.012,0.024,0.006,0.044,0.004,0.008,0.016,0.058,0,0.136,-49.1041132440203,-7.9068692776108,"Sample 9",75,0,"pigmented layer of retina",0.0760437575944838,0.296509751266585,0.132276328170787,0.296318505038087,0.207489571501455,0.242447851418367,0.409210623265587,31.1832666443877,19.6018848947056,1.03283557329414,1.29165630907098,375.4426785835,274.212783196589,-8.26921337616524,12.5356764952167,326.442453646634,1642700.86076555,706733.072733692,384.191293035778,16136.1075466795,17.1772676988878,16866.1969148019,36829.7471345316,68.9910095942442,7.01546231688889,-0.0152797960927967,-0.334030986758946,1.27099087658589,0.0491674489158161,5.16338982250057,3.66712317215396,-87.8358987548582,0.544070775411825,-3.25997375196258,-0.718823894261635,-67038.1262110799,4264.52773363635,-193.021933426132,-1404.30391921364,0.793925832265773,2659.74317135228,-425.780045083536,0.395240723796029,0.0647723483318141,-4.29551729466771,1.27099087658589,1.58326962189582,-0.334030986758946,0.395240723796029,0.544070775411825
